,borough,number_of_complaints
0,Manhattan,239.41552934010366
1,Bronx,223.25678672654948
2,Brooklyn,291.5783710528297
3,Staten Island,190.15211315682802
4,Queens,147.38725847505876
